image_id,year,month,day,final_date
001,2027,05,28,2027-05-28
002,2027,06,03,2027-06-03
003,2027,07,29,2027-07-29
004,2026,09,28,2026-09-28
005,2027,07,23,2027-07-23
006,2027,06,29,2027-06-29
007,2027,05,22,2027-05-22
008,2027,06,30,2027-06-30
009,2027,02,10,2027-02-10
010,2027,01,27,2027-01-27
011,2027,01,10,2027-01-10
012,2027,05,02,2027-05-02
013,2027,06,14,2027-06-14
014,2027,05,25,2027-05-25
015,2027,08,23,2027-08-23
016,2027,08,06,2027-08-06
017,2027,08,26,2027-08-26
018,2027,08,24,2027-08-24
019,2026,10,13,2026-10-13
020,2026,10,14,2026-10-14
021,2026,09,25,2026-09-25
022,2026,09,22,2026-09-22
023,2026,09,14,2026-09-14
024,2026,09,20,2026-09-20
025,2027,06,23,2027-06-23
026,2027,08,09,2027-08-09
027,2027,06,25,2027-06-25
028,2026,12,16,2026-12-16
029,2026,09,17,2026-09-17
030,2027,04,16,2027-04-16
031,2027,01,25,2027-01-25
032,2027,07,14,2027-07-14
033,2027,02,18,2027-02-18
034,2026,09,12,2026-09-12
035,2026,09,15,2026-09-15
036,2026,09,15,2026-09-15
037,2026,09,15,2026-09-15
038,2026,10,25,2026-10-25
039,2026,09,24,2026-09-24
040,2026,12,07,2026-12-07
041,2026,10,18,2026-10-18
042,2026,10,09,2026-10-09
043,2026,10,01,2026-10-01
044,2026,12,25,2026-12-25 00:00:00
045,2027,06,29,2027-06-29
046,2027,06,12,2027-06-12
047,2027,06,29,2027-06-29
048,2027,01,02,2027-01-02 00:00:00
049,2026,11,12,2026-11-12
050,2027,05,26,2027-05-26
051,2026,12,NONE,2026-12-NONE
052,2026,10,08,2026-10-08
053,2027,02,07,2027-02-07
054,2026,11,NONE,2026-11-NONE
055,2026,11,07,2026-11-07
056,2026,11,07,2026-11-07
057,2028,02,09,2028-02-09
058,2027,04,29,2027-04-29
059,2026,12,29,2026-12-29
060,2027,01,28,2027-01-28
061,2028,01,10,2028-01-10
062,2026,09,17,2026-09-17
063,NONE,09,17,NONE-09-17
064,2027,08,17,2027-08-17
065,2027,07,12,2027-07-12
066,2027,07,27,2027-07-27 00:00:00
067,2027,02,10,2027-02-10
068,2027,02,14,2027-02-14
069,2026,10,9,2026-10-09
070,2026,11,11,2026-11-11
071,2026,09,18,2026-09-18
072,2026,10,22,2026-10-22
073,2026,09,26,2026-09-26
074,2026,10,01,2026-10-01
075,2026,09,23,2026-09-23
076,2026,09,20,2026-09-20
077,2027,08,05,2027-08-05
078,2027,06,14,2027-06-14
079,2027,01,15,2027-01-15
080,2027,04,03,2027-04-03
081,2026,12,04,2026-12-04
082,2027,02,06,2027-02-06
083,2026,10,16,2026-10-16
084,2026,10,16,2026-10-16
085,2026,09,19,2026-09-19
086,2026,09,19,2026-09-19
087,2026,09,18,2026-09-18
088,2026,09,19,2026-09-19
089,2027,05,13,2027-05-13
090,2026,10,08,2026-10-08
091,2027,03,18,2027-03-18
092,2026,09,15,2026-09-15
093,2026,09,16,2026-09-16
094,2026,09,17,2026-09-17
095,2027,01,13,2027-01-13
096,2027,12,17,2027-12-17
097,2026,08,12,2026-08-12
098,2029,03,02,2029-03-02
099,2027,04,16,2027-04-16
100,2028,06,07,2028-06-07
